PO ID,Supplier ID,Supplier,Category,Region,Buyer,Order Date,Promised Date,Receipt Date,Qty Ordered,Qty Received,Unit Price,Benchmark Price,Defect Qty
PO-0001,SUP-001,Supplier 01,Lighting,Lebanon,Yara,2026-02-26,2026-03-31,2026-04-19,386,386,218.96,201.92,0
PO-0002,SUP-002,Supplier 02,Electrical,Italy,Omar,2026-04-22,2026-05-29,2026-05-29,273,233,49.65,50.36,5
PO-0003,SUP-003,Supplier 03,Controls,Turkey,Lea,2026-01-13,2026-02-22,2026-02-26,482,482,149.78,136.05,0
PO-0004,SUP-004,Supplier 04,Fixtures,China,Yara,2026-05-17,2026-06-09,2026-06-09,227,227,171.06,163.29,0
PO-0005,SUP-005,Supplier 05,Cables,UAE,Omar,2026-03-06,2026-04-01,2026-03-26,198,198,184.13,182.92,0
PO-0006,SUP-006,Supplier 06,Lighting,Lebanon,Lea,2026-06-15,2026-07-03,2026-07-05,294,294,209.37,202.34,0
PO-0007,SUP-007,Supplier 07,Electrical,Italy,Yara,2026-05-26,2026-06-16,2026-06-10,274,274,209.6,204.86,0
PO-0008,SUP-008,Supplier 08,Controls,Turkey,Omar,2026-04-09,2026-04-28,2026-05-11,119,119,168.46,159.06,0
PO-0009,SUP-009,Supplier 09,Fixtures,China,Lea,2026-04-19,2026-05-21,2026-05-23,471,471,77.8,73.62,0
PO-0010,SUP-010,Supplier 10,Cables,UAE,Yara,2026-01-17,2026-02-03,2026-01-27,94,94,187.17,196.83,1
PO-0011,SUP-011,Supplier 11,Lighting,Lebanon,Omar,2026-02-07,2026-02-27,2026-03-04,271,271,191.49,175.67,0
PO-0012,SUP-012,Supplier 12,Electrical,Italy,Lea,2026-01-26,2026-03-13,2026-03-10,350,306,43.85,40.27,0
PO-0013,SUP-013,Supplier 13,Controls,Turkey,Yara,2026-01-26,2026-02-22,2026-02-21,173,173,142.78,139.83,0
PO-0014,SUP-014,Supplier 14,Fixtures,China,Omar,2026-06-11,2026-07-06,2026-06-30,28,28,184.07,186.52,0
PO-0015,SUP-015,Supplier 15,Cables,UAE,Lea,2026-03-11,2026-04-22,2026-05-02,103,103,210.6,198.55,0
PO-0016,SUP-016,Supplier 16,Lighting,Lebanon,Yara,2026-03-15,2026-04-23,2026-05-04,361,361,157.7,161.11,0
PO-0017,SUP-017,Supplier 17,Electrical,Italy,Omar,2026-05-08,2026-06-20,2026-06-13,85,85,223.63,227.21,0
PO-0018,SUP-018,Supplier 18,Controls,Turkey,Lea,2026-05-22,2026-06-10,2026-06-07,221,221,40.76,41.7,0
PO-0019,SUP-019,Supplier 19,Fixtures,China,Yara,2026-04-25,2026-06-05,2026-06-06,229,229,96.07,87.79,0
PO-0020,SUP-020,Supplier 20,Cables,UAE,Omar,2026-04-07,2026-04-21,2026-04-24,206,206,79.16,76.72,0
PO-0021,SUP-001,Supplier 01,Lighting,Lebanon,Lea,2026-06-02,2026-07-07,2026-07-09,387,387,196.92,181.19,0
PO-0022,SUP-002,Supplier 02,Electrical,Italy,Yara,2026-04-11,2026-05-19,2026-05-29,164,164,206.27,204.73,0
PO-0023,SUP-003,Supplier 03,Controls,Turkey,Omar,2026-02-04,2026-03-11,2026-03-13,398,398,186.77,191.31,0
PO-0024,SUP-004,Supplier 04,Fixtures,China,Lea,2026-05-10,2026-06-01,2026-06-06,125,125,68.76,71.07,0
PO-0025,SUP-005,Supplier 05,Cables,UAE,Yara,2026-01-08,2026-01-27,2026-01-27,420,420,118.1,126.47,0
PO-0026,SUP-006,Supplier 06,Lighting,Lebanon,Omar,2026-02-16,2026-03-13,2026-03-18,223,223,196.59,187.19,0
PO-0027,SUP-007,Supplier 07,Electrical,Italy,Lea,2026-01-12,2026-02-07,2026-02-09,373,373,162.36,147.33,0
PO-0028,SUP-008,Supplier 08,Controls,Turkey,Yara,2026-05-25,2026-06-30,2026-06-29,352,352,27.71,27.48,0
PO-0029,SUP-009,Supplier 09,Fixtures,China,Omar,2026-06-13,2026-08-01,2026-08-16,341,341,107.77,107.87,0
PO-0030,SUP-010,Supplier 10,Cables,UAE,Lea,2026-05-22,2026-07-05,2026-07-06,122,122,88.09,90,0
PO-0031,SUP-011,Supplier 11,Lighting,Lebanon,Yara,2026-03-08,2026-03-23,2026-03-25,488,488,83.24,78.83,0
PO-0032,SUP-012,Supplier 12,Electrical,Italy,Omar,2026-04-23,2026-05-08,2026-05-06,169,169,128.98,128.89,0
PO-0033,SUP-013,Supplier 13,Controls,Turkey,Lea,2026-01-16,2026-02-13,2026-02-15,279,279,108.62,100.8,0
PO-0034,SUP-014,Supplier 14,Fixtures,China,Yara,2026-03-05,2026-03-20,2026-03-14,432,432,146.88,136.14,0
PO-0035,SUP-015,Supplier 15,Cables,UAE,Omar,2026-04-15,2026-05-19,2026-05-19,447,447,73.32,72.81,0
PO-0036,SUP-016,Supplier 16,Lighting,Lebanon,Lea,2026-03-21,2026-05-02,2026-05-22,473,473,90.22,89.67,0
PO-0037,SUP-017,Supplier 17,Electrical,Italy,Yara,2026-03-10,2026-04-27,2026-04-21,225,222,98.51,98.97,0
PO-0038,SUP-018,Supplier 18,Controls,Turkey,Omar,2026-03-21,2026-04-26,2026-04-29,146,146,94.05,97.81,0
PO-0039,SUP-019,Supplier 19,Fixtures,China,Lea,2026-05-27,2026-06-08,2026-06-07,167,167,111.93,110.09,0
PO-0040,SUP-020,Supplier 20,Cables,UAE,Yara,2026-01-14,2026-02-06,2026-01-30,292,252,10.46,9.84,0
PO-0041,SUP-001,Supplier 01,Lighting,Lebanon,Omar,2026-04-05,2026-04-19,2026-04-28,113,103,102.22,103.38,0
PO-0042,SUP-002,Supplier 02,Electrical,Italy,Lea,2026-05-23,2026-07-04,2026-07-03,205,205,42.47,44.05,10
PO-0043,SUP-003,Supplier 03,Controls,Turkey,Yara,2026-02-26,2026-03-28,2026-04-13,498,498,70.13,64.02,0
PO-0044,SUP-004,Supplier 04,Fixtures,China,Omar,2026-05-22,2026-07-10,2026-07-05,414,414,174.82,187.15,0
PO-0045,SUP-005,Supplier 05,Cables,UAE,Lea,2026-01-26,2026-03-10,2026-03-04,367,367,146.8,140.18,0
PO-0046,SUP-006,Supplier 06,Lighting,Lebanon,Yara,2026-04-17,2026-05-26,2026-06-06,163,163,148.66,137.67,8
PO-0047,SUP-007,Supplier 07,Electrical,Italy,Omar,2026-05-14,2026-05-29,2026-06-01,49,49,74,70.15,0
PO-0048,SUP-008,Supplier 08,Controls,Turkey,Lea,2026-02-18,2026-03-03,2026-02-26,75,72,43.22,44.66,0
PO-0049,SUP-009,Supplier 09,Fixtures,China,Yara,2026-03-30,2026-04-20,2026-04-14,71,71,141.15,150.01,1
PO-0050,SUP-010,Supplier 10,Cables,UAE,Omar,2026-03-29,2026-05-17,2026-05-28,399,399,228.59,227.65,0
PO-0051,SUP-011,Supplier 11,Lighting,Lebanon,Lea,2026-02-14,2026-03-23,2026-03-25,400,346,38.76,37.39,1
PO-0052,SUP-012,Supplier 12,Electrical,Italy,Yara,2026-03-13,2026-04-08,2026-04-04,390,390,187.44,179.87,0
PO-0053,SUP-013,Supplier 13,Controls,Turkey,Omar,2026-04-15,2026-05-05,2026-05-07,389,389,21.49,20.16,0
PO-0054,SUP-014,Supplier 14,Fixtures,China,Lea,2026-05-16,2026-06-27,2026-06-24,455,455,55.73,51.22,0
PO-0055,SUP-015,Supplier 15,Cables,UAE,Yara,2026-06-03,2026-06-22,2026-06-18,294,258,17.17,16.44,0
PO-0056,SUP-016,Supplier 16,Lighting,Lebanon,Omar,2026-03-15,2026-03-29,2026-04-01,416,416,13.44,13.31,0
PO-0057,SUP-017,Supplier 17,Electrical,Italy,Lea,2026-05-10,2026-06-02,2026-06-16,171,171,87.34,87.61,0
PO-0058,SUP-018,Supplier 18,Controls,Turkey,Yara,2026-01-17,2026-02-10,2026-02-13,475,473,85.33,86.21,0
PO-0059,SUP-019,Supplier 19,Fixtures,China,Omar,2026-01-08,2026-02-16,2026-02-21,320,297,48.34,47.87,0
PO-0060,SUP-020,Supplier 20,Cables,UAE,Lea,2026-03-16,2026-04-22,2026-04-27,299,280,152.95,149.93,0
PO-0061,SUP-001,Supplier 01,Lighting,Lebanon,Yara,2026-04-28,2026-06-02,2026-06-13,476,476,148.71,134.35,25
PO-0062,SUP-002,Supplier 02,Electrical,Italy,Omar,2026-03-24,2026-04-29,2026-04-30,221,205,108.5,107.19,4
PO-0063,SUP-003,Supplier 03,Controls,Turkey,Lea,2026-04-01,2026-04-17,2026-04-11,456,456,76.28,80.38,0
PO-0064,SUP-004,Supplier 04,Fixtures,China,Yara,2026-01-30,2026-02-16,2026-03-08,388,363,67.23,66.73,0
PO-0065,SUP-005,Supplier 05,Cables,UAE,Omar,2026-03-18,2026-04-18,2026-04-19,459,459,157.53,152.37,0
PO-0066,SUP-006,Supplier 06,Lighting,Lebanon,Lea,2026-01-28,2026-02-27,2026-03-12,249,249,189.77,174.27,0
PO-0067,SUP-007,Supplier 07,Electrical,Italy,Yara,2026-04-23,2026-05-06,2026-05-07,460,460,33.81,32.32,0
PO-0068,SUP-008,Supplier 08,Controls,Turkey,Omar,2026-02-23,2026-03-19,2026-03-15,473,473,83.61,85.18,0
PO-0069,SUP-009,Supplier 09,Fixtures,China,Lea,2026-03-12,2026-04-07,2026-04-08,361,361,221.68,227.88,0
PO-0070,SUP-010,Supplier 10,Cables,UAE,Yara,2026-05-13,2026-06-21,2026-06-14,27,27,143.79,135.67,0
PO-0071,SUP-011,Supplier 11,Lighting,Lebanon,Omar,2026-05-30,2026-06-11,2026-06-23,101,101,50.46,50.37,0
PO-0072,SUP-012,Supplier 12,Electrical,Italy,Lea,2026-03-11,2026-04-21,2026-04-25,296,296,182.92,175.22,0
PO-0073,SUP-013,Supplier 13,Controls,Turkey,Yara,2026-03-10,2026-04-14,2026-04-09,250,250,241,217.53,0
PO-0074,SUP-014,Supplier 14,Fixtures,China,Omar,2026-04-29,2026-05-19,2026-05-17,287,287,104.57,96.63,0
PO-0075,SUP-015,Supplier 15,Cables,UAE,Lea,2026-02-11,2026-03-29,2026-03-29,415,415,89.67,94.12,0
PO-0076,SUP-016,Supplier 16,Lighting,Lebanon,Yara,2026-03-06,2026-03-18,2026-03-29,186,173,111.36,111.47,0
PO-0077,SUP-017,Supplier 17,Electrical,Italy,Omar,2026-03-07,2026-04-14,2026-04-09,96,96,14.71,13.37,0
PO-0078,SUP-018,Supplier 18,Controls,Turkey,Lea,2026-02-08,2026-02-23,2026-03-03,49,49,43.72,44.01,0
PO-0079,SUP-019,Supplier 19,Fixtures,China,Yara,2026-01-01,2026-02-19,2026-02-14,245,245,57.83,61.8,0
PO-0080,SUP-020,Supplier 20,Cables,UAE,Omar,2026-04-20,2026-06-06,2026-06-07,269,269,86.41,91.13,5
PO-0081,SUP-001,Supplier 01,Lighting,Lebanon,Lea,2026-02-08,2026-03-11,2026-03-22,40,40,26.78,26,0
PO-0082,SUP-002,Supplier 02,Electrical,Italy,Yara,2026-03-14,2026-05-01,2026-04-30,480,480,127.98,132.84,0
PO-0083,SUP-003,Supplier 03,Controls,Turkey,Omar,2026-01-31,2026-03-06,2026-03-02,49,49,120.79,122.59,0
PO-0084,SUP-004,Supplier 04,Fixtures,China,Lea,2026-04-04,2026-04-23,2026-04-25,127,127,175.93,185.78,0
PO-0085,SUP-005,Supplier 05,Cables,UAE,Yara,2026-06-10,2026-07-26,2026-08-13,166,166,44.3,45.19,0
PO-0086,SUP-006,Supplier 06,Lighting,Lebanon,Omar,2026-01-19,2026-02-05,2026-02-11,408,408,46.05,47.22,0
PO-0087,SUP-007,Supplier 07,Electrical,Italy,Lea,2026-04-16,2026-05-20,2026-05-13,258,234,220.65,214.58,0
PO-0088,SUP-008,Supplier 08,Controls,Turkey,Yara,2026-03-02,2026-03-16,2026-03-11,463,463,83.3,81.58,25
PO-0089,SUP-009,Supplier 09,Fixtures,China,Omar,2026-04-27,2026-06-15,2026-06-16,35,35,63.41,58.82,0
PO-0090,SUP-010,Supplier 10,Cables,UAE,Lea,2026-02-15,2026-04-03,2026-04-05,276,276,13.22,14.03,0
PO-0091,SUP-011,Supplier 11,Lighting,Lebanon,Yara,2026-01-13,2026-01-31,2026-02-10,447,447,37.47,34.88,0
PO-0092,SUP-012,Supplier 12,Electrical,Italy,Omar,2026-05-05,2026-06-17,2026-07-03,192,192,69.25,72.52,0
PO-0093,SUP-013,Supplier 13,Controls,Turkey,Lea,2026-04-20,2026-06-06,2026-06-10,272,272,8.83,9.22,0
PO-0094,SUP-014,Supplier 14,Fixtures,China,Yara,2026-05-05,2026-05-26,2026-05-19,340,340,185.92,174.16,0
PO-0095,SUP-015,Supplier 15,Cables,UAE,Omar,2026-02-07,2026-03-09,2026-03-08,334,334,161.31,153.65,0
PO-0096,SUP-016,Supplier 16,Lighting,Lebanon,Lea,2026-06-09,2026-07-15,2026-07-24,468,468,61.19,61.16,0
PO-0097,SUP-017,Supplier 17,Electrical,Italy,Yara,2026-03-21,2026-05-03,2026-05-06,464,464,156.43,144.47,0
PO-0098,SUP-018,Supplier 18,Controls,Turkey,Omar,2026-05-30,2026-06-18,2026-06-15,129,129,188.27,186.11,0
PO-0099,SUP-019,Supplier 19,Fixtures,China,Lea,2026-02-22,2026-03-27,2026-04-06,145,145,208.82,199.94,2
PO-0100,SUP-020,Supplier 20,Cables,UAE,Yara,2026-02-11,2026-02-28,2026-02-22,402,402,41.63,43.05,0
PO-0101,SUP-001,Supplier 01,Lighting,Lebanon,Omar,2026-01-20,2026-02-10,2026-02-16,255,243,11.83,12.37,0
PO-0102,SUP-002,Supplier 02,Electrical,Italy,Lea,2026-02-04,2026-02-21,2026-02-18,316,316,78.17,77.6,0
PO-0103,SUP-003,Supplier 03,Controls,Turkey,Yara,2026-02-27,2026-03-26,2026-03-23,182,182,16.87,17.2,0
PO-0104,SUP-004,Supplier 04,Fixtures,China,Omar,2026-05-29,2026-07-15,2026-07-09,22,22,48.78,46.75,0
PO-0105,SUP-005,Supplier 05,Cables,UAE,Lea,2026-05-31,2026-07-07,2026-07-01,414,414,225.71,219.82,0
PO-0106,SUP-006,Supplier 06,Lighting,Lebanon,Yara,2026-01-06,2026-01-24,2026-02-09,343,343,186.63,187.66,0
PO-0107,SUP-007,Supplier 07,Electrical,Italy,Omar,2026-01-28,2026-03-09,2026-03-02,487,487,94.18,97.31,0
PO-0108,SUP-008,Supplier 08,Controls,Turkey,Lea,2026-03-17,2026-04-14,2026-04-16,360,360,69.68,67.24,0
PO-0109,SUP-009,Supplier 09,Fixtures,China,Yara,2026-03-08,2026-04-21,2026-04-15,272,272,30.75,32.14,7
PO-0110,SUP-010,Supplier 10,Cables,UAE,Omar,2026-03-13,2026-04-22,2026-04-20,283,283,87.77,88.86,0
PO-0111,SUP-011,Supplier 11,Lighting,Lebanon,Lea,2026-02-25,2026-04-03,2026-04-15,166,166,96.78,91.72,0
PO-0112,SUP-012,Supplier 12,Electrical,Italy,Yara,2026-01-29,2026-03-16,2026-03-21,246,246,133.53,129.27,14
PO-0113,SUP-013,Supplier 13,Controls,Turkey,Omar,2026-01-22,2026-02-26,2026-03-12,130,130,125.59,115.84,0
PO-0114,SUP-014,Supplier 14,Fixtures,China,Lea,2026-05-04,2026-05-23,2026-05-19,281,281,76.8,73.07,0
PO-0115,SUP-015,Supplier 15,Cables,UAE,Yara,2026-04-22,2026-05-05,2026-04-28,306,306,105.37,110.84,0
PO-0116,SUP-016,Supplier 16,Lighting,Lebanon,Omar,2026-01-02,2026-01-14,2026-01-18,464,464,44.48,45.18,0
PO-0117,SUP-017,Supplier 17,Electrical,Italy,Lea,2026-04-20,2026-05-10,2026-05-11,129,126,67.24,69.2,3
PO-0118,SUP-018,Supplier 18,Controls,Turkey,Yara,2026-03-28,2026-04-24,2026-04-19,103,103,138.57,146.89,0
PO-0119,SUP-019,Supplier 19,Fixtures,China,Omar,2026-03-29,2026-04-16,2026-04-12,333,333,18.34,17.82,0
PO-0120,SUP-020,Supplier 20,Cables,UAE,Lea,2026-05-06,2026-06-07,2026-06-24,425,425,53.5,49.66,0
PO-0121,SUP-001,Supplier 01,Lighting,Lebanon,Yara,2026-04-02,2026-05-05,2026-05-14,177,153,8.53,8.71,5
PO-0122,SUP-002,Supplier 02,Electrical,Italy,Omar,2026-06-10,2026-06-28,2026-07-03,470,470,172.06,163.42,0
PO-0123,SUP-003,Supplier 03,Controls,Turkey,Lea,2026-02-28,2026-03-19,2026-03-17,371,316,106.76,97.32,14
PO-0124,SUP-004,Supplier 04,Fixtures,China,Yara,2026-03-23,2026-04-04,2026-04-02,413,413,122.17,117.01,0
PO-0125,SUP-005,Supplier 05,Cables,UAE,Omar,2026-05-16,2026-06-08,2026-06-06,236,216,8.77,8.67,0
PO-0126,SUP-006,Supplier 06,Lighting,Lebanon,Lea,2026-06-09,2026-07-14,2026-07-20,59,59,27.93,29.24,0
PO-0127,SUP-007,Supplier 07,Electrical,Italy,Yara,2026-04-27,2026-06-15,2026-07-05,401,349,38.62,37.08,0
PO-0128,SUP-008,Supplier 08,Controls,Turkey,Omar,2026-05-03,2026-05-31,2026-06-03,360,360,177.47,187.19,5
PO-0129,SUP-009,Supplier 09,Fixtures,China,Lea,2026-01-25,2026-02-27,2026-02-28,414,407,136.07,131.13,0
PO-0130,SUP-010,Supplier 10,Cables,UAE,Yara,2026-06-08,2026-07-08,2026-07-11,34,34,107.76,102.51,0
PO-0131,SUP-011,Supplier 11,Lighting,Lebanon,Omar,2026-02-03,2026-02-28,2026-03-03,67,67,16.39,16.25,0
PO-0132,SUP-012,Supplier 12,Electrical,Italy,Lea,2026-03-13,2026-04-23,2026-04-23,75,75,93.23,92.98,0
PO-0133,SUP-013,Supplier 13,Controls,Turkey,Yara,2026-05-13,2026-06-19,2026-06-14,282,282,128.65,124.54,0
PO-0134,SUP-014,Supplier 14,Fixtures,China,Omar,2026-05-30,2026-07-05,2026-07-19,345,345,206.13,200.37,0
PO-0135,SUP-015,Supplier 15,Cables,UAE,Lea,2026-04-01,2026-04-16,2026-04-09,477,477,115.31,110.32,5
PO-0136,SUP-016,Supplier 16,Lighting,Lebanon,Yara,2026-04-13,2026-05-02,2026-05-12,434,434,43.15,39.61,20
PO-0137,SUP-017,Supplier 17,Electrical,Italy,Omar,2026-06-06,2026-07-21,2026-07-22,307,307,197.77,188.44,0
PO-0138,SUP-018,Supplier 18,Controls,Turkey,Lea,2026-02-11,2026-03-25,2026-03-22,225,225,46.6,46.16,0
PO-0139,SUP-019,Supplier 19,Fixtures,China,Yara,2026-02-16,2026-03-13,2026-03-08,279,279,68.41,63.43,0
PO-0140,SUP-020,Supplier 20,Cables,UAE,Omar,2026-03-02,2026-03-26,2026-03-30,137,137,143.34,131.63,0
PO-0141,SUP-001,Supplier 01,Lighting,Lebanon,Lea,2026-05-04,2026-06-21,2026-07-11,315,315,115.01,103.71,0
PO-0142,SUP-002,Supplier 02,Electrical,Italy,Yara,2026-05-11,2026-06-14,2026-06-09,209,209,114.07,119.73,9
PO-0143,SUP-003,Supplier 03,Controls,Turkey,Omar,2026-02-08,2026-02-27,2026-02-28,376,376,90.86,95.24,3
PO-0144,SUP-004,Supplier 04,Fixtures,China,Lea,2026-05-24,2026-06-25,2026-06-28,200,200,88.27,88.62,0
PO-0145,SUP-005,Supplier 05,Cables,UAE,Yara,2026-03-24,2026-04-27,2026-04-24,318,286,72.03,73.63,0
PO-0146,SUP-006,Supplier 06,Lighting,Lebanon,Omar,2026-05-07,2026-05-26,2026-06-02,394,394,196.63,208.79,0
PO-0147,SUP-007,Supplier 07,Electrical,Italy,Lea,2026-03-01,2026-03-27,2026-03-27,391,391,10.5,9.61,0
PO-0148,SUP-008,Supplier 08,Controls,Turkey,Yara,2026-06-07,2026-07-23,2026-08-05,340,340,147.08,147.26,4
PO-0149,SUP-009,Supplier 09,Fixtures,China,Omar,2026-05-23,2026-06-16,2026-06-20,373,326,16.66,15.72,0
PO-0150,SUP-010,Supplier 10,Cables,UAE,Lea,2026-01-20,2026-02-02,2026-01-27,387,387,24.66,25.28,0
PO-0151,SUP-011,Supplier 11,Lighting,Lebanon,Yara,2026-05-24,2026-06-16,2026-06-28,299,299,151.88,162.97,0
PO-0152,SUP-012,Supplier 12,Electrical,Italy,Omar,2026-05-19,2026-05-31,2026-06-03,197,197,125.67,122.4,8
PO-0153,SUP-013,Supplier 13,Controls,Turkey,Lea,2026-03-24,2026-04-24,2026-04-28,452,452,43.13,44.16,0
PO-0154,SUP-014,Supplier 14,Fixtures,China,Yara,2026-02-07,2026-03-01,2026-02-27,421,421,187.44,194.64,0
PO-0155,SUP-015,Supplier 15,Cables,UAE,Omar,2026-04-30,2026-06-13,2026-06-29,196,196,19.93,20.8,5
PO-0156,SUP-016,Supplier 16,Lighting,Lebanon,Lea,2026-03-19,2026-04-20,2026-04-30,156,154,190.18,181.79,5
PO-0157,SUP-017,Supplier 17,Electrical,Italy,Yara,2026-04-04,2026-05-02,2026-04-28,358,358,126.81,117.46,0
PO-0158,SUP-018,Supplier 18,Controls,Turkey,Omar,2026-02-10,2026-03-01,2026-03-02,315,315,121.77,122.62,0
PO-0159,SUP-019,Supplier 19,Fixtures,China,Lea,2026-02-07,2026-03-09,2026-03-11,85,85,78.03,76.98,0
PO-0160,SUP-020,Supplier 20,Cables,UAE,Yara,2026-04-16,2026-05-17,2026-05-21,50,50,174.96,183.44,0
PO-0161,SUP-001,Supplier 01,Lighting,Lebanon,Omar,2026-01-19,2026-02-06,2026-02-10,402,402,176.77,189.9,1
PO-0162,SUP-002,Supplier 02,Electrical,Italy,Lea,2026-05-16,2026-06-27,2026-07-07,175,175,110.88,111.02,2
PO-0163,SUP-003,Supplier 03,Controls,Turkey,Yara,2026-01-20,2026-02-26,2026-02-24,26,26,217.1,209.54,0
PO-0164,SUP-004,Supplier 04,Fixtures,China,Omar,2026-03-15,2026-04-02,2026-03-27,352,352,91.13,91.26,20
PO-0165,SUP-005,Supplier 05,Cables,UAE,Lea,2026-04-04,2026-05-11,2026-05-08,359,359,217.56,203.85,0
PO-0166,SUP-006,Supplier 06,Lighting,Lebanon,Yara,2026-01-28,2026-02-16,2026-02-21,386,332,21.36,19.8,1
PO-0167,SUP-007,Supplier 07,Electrical,Italy,Omar,2026-02-19,2026-04-01,2026-04-06,80,80,64.87,58.85,4
PO-0168,SUP-008,Supplier 08,Controls,Turkey,Lea,2026-02-21,2026-04-04,2026-03-30,344,344,173.81,169.7,0
PO-0169,SUP-009,Supplier 09,Fixtures,China,Yara,2026-02-26,2026-03-22,2026-04-10,364,364,244.5,226.37,0
PO-0170,SUP-010,Supplier 10,Cables,UAE,Omar,2026-01-09,2026-02-27,2026-02-27,246,246,54.49,52,0
PO-0171,SUP-011,Supplier 11,Lighting,Lebanon,Lea,2026-01-20,2026-02-28,2026-03-07,320,320,70.7,64.72,15
PO-0172,SUP-012,Supplier 12,Electrical,Italy,Yara,2026-05-08,2026-05-27,2026-05-25,172,172,225.29,210.94,0
PO-0173,SUP-013,Supplier 13,Controls,Turkey,Omar,2026-01-27,2026-03-14,2026-03-15,364,364,239.31,217.02,0
PO-0174,SUP-014,Supplier 14,Fixtures,China,Lea,2026-02-26,2026-03-25,2026-03-23,270,270,85.27,83.42,0
PO-0175,SUP-015,Supplier 15,Cables,UAE,Yara,2026-03-21,2026-05-04,2026-05-04,273,262,158.29,147.76,8
PO-0176,SUP-016,Supplier 16,Lighting,Lebanon,Omar,2026-01-04,2026-02-14,2026-02-27,165,165,62.73,63.91,5
PO-0177,SUP-017,Supplier 17,Electrical,Italy,Lea,2026-06-10,2026-07-22,2026-07-15,357,357,166.25,177.48,0
PO-0178,SUP-018,Supplier 18,Controls,Turkey,Yara,2026-01-08,2026-01-31,2026-01-30,107,107,224.46,224.79,0
PO-0179,SUP-019,Supplier 19,Fixtures,China,Omar,2026-03-31,2026-04-12,2026-04-08,255,255,99.51,100.34,0
PO-0180,SUP-020,Supplier 20,Cables,UAE,Lea,2026-02-01,2026-02-13,2026-02-08,433,433,211.68,226.35,0
PO-0181,SUP-001,Supplier 01,Lighting,Lebanon,Yara,2026-05-08,2026-06-13,2026-06-18,38,38,99.31,94.53,0
PO-0182,SUP-002,Supplier 02,Electrical,Italy,Omar,2026-01-20,2026-02-20,2026-02-18,171,169,56.64,54.43,0
PO-0183,SUP-003,Supplier 03,Controls,Turkey,Lea,2026-02-01,2026-03-21,2026-04-04,102,102,83.01,78.69,0
PO-0184,SUP-004,Supplier 04,Fixtures,China,Yara,2026-03-25,2026-05-06,2026-05-03,491,491,184.95,184.4,0
PO-0185,SUP-005,Supplier 05,Cables,UAE,Omar,2026-02-08,2026-03-05,2026-02-28,415,415,185.16,173.16,0
PO-0186,SUP-006,Supplier 06,Lighting,Lebanon,Lea,2026-02-15,2026-03-13,2026-03-15,369,369,166.97,174.82,19
PO-0187,SUP-007,Supplier 07,Electrical,Italy,Yara,2026-03-14,2026-04-30,2026-04-25,351,351,201.58,188.56,0
PO-0188,SUP-008,Supplier 08,Controls,Turkey,Omar,2026-03-13,2026-04-01,2026-03-30,157,157,36.77,33.2,0
PO-0189,SUP-009,Supplier 09,Fixtures,China,Lea,2026-02-26,2026-03-23,2026-03-26,261,261,188.6,171.38,0
PO-0190,SUP-010,Supplier 10,Cables,UAE,Yara,2026-01-17,2026-03-02,2026-03-12,336,336,168.95,174.65,0
PO-0191,SUP-011,Supplier 11,Lighting,Lebanon,Omar,2026-03-22,2026-04-28,2026-05-12,50,46,216.98,222.16,0
PO-0192,SUP-012,Supplier 12,Electrical,Italy,Lea,2026-04-25,2026-05-24,2026-05-22,239,220,12.05,12.12,5
PO-0193,SUP-013,Supplier 13,Controls,Turkey,Yara,2026-05-17,2026-06-22,2026-06-19,489,489,13.89,14.39,20
PO-0194,SUP-014,Supplier 14,Fixtures,China,Omar,2026-05-29,2026-07-16,2026-07-18,357,357,167.05,153.08,0
PO-0195,SUP-015,Supplier 15,Cables,UAE,Lea,2026-01-27,2026-02-23,2026-02-21,131,131,209.47,209.73,0
PO-0196,SUP-016,Supplier 16,Lighting,Lebanon,Yara,2026-04-16,2026-05-17,2026-05-28,407,407,30.31,27.47,0
PO-0197,SUP-017,Supplier 17,Electrical,Italy,Omar,2026-05-20,2026-06-26,2026-07-05,115,115,61.74,61.13,0
PO-0198,SUP-018,Supplier 18,Controls,Turkey,Lea,2026-02-18,2026-03-03,2026-03-04,344,344,173.78,171.16,0
PO-0199,SUP-019,Supplier 19,Fixtures,China,Yara,2026-05-15,2026-05-31,2026-06-05,79,71,63.29,61.21,1
PO-0200,SUP-020,Supplier 20,Cables,UAE,Omar,2026-03-18,2026-05-04,2026-05-05,253,253,97.98,94.66,13
PO-0201,SUP-001,Supplier 01,Lighting,Lebanon,Lea,2026-01-22,2026-02-21,2026-02-28,357,357,109.74,109.65,0
PO-0202,SUP-002,Supplier 02,Electrical,Italy,Yara,2026-05-04,2026-05-25,2026-05-20,476,449,105.89,113.69,0
PO-0203,SUP-003,Supplier 03,Controls,Turkey,Omar,2026-01-28,2026-03-08,2026-03-04,235,235,160.48,152.09,0
PO-0204,SUP-004,Supplier 04,Fixtures,China,Lea,2026-03-12,2026-04-14,2026-05-02,72,65,115.78,111.53,0
PO-0205,SUP-005,Supplier 05,Cables,UAE,Yara,2026-02-15,2026-03-13,2026-03-06,279,279,100.76,98.19,0
PO-0206,SUP-006,Supplier 06,Lighting,Lebanon,Omar,2026-01-22,2026-02-19,2026-03-04,122,108,63.31,61.74,0
PO-0207,SUP-007,Supplier 07,Electrical,Italy,Lea,2026-04-28,2026-06-01,2026-05-29,67,67,60.43,60.68,1
PO-0208,SUP-008,Supplier 08,Controls,Turkey,Yara,2026-01-13,2026-03-03,2026-03-01,161,150,232.07,217.18,0
PO-0209,SUP-009,Supplier 09,Fixtures,China,Omar,2026-03-02,2026-03-15,2026-03-13,25,25,20.21,20.83,0
PO-0210,SUP-010,Supplier 10,Cables,UAE,Lea,2026-05-17,2026-06-26,2026-06-23,303,303,74.16,72.58,0
PO-0211,SUP-011,Supplier 11,Lighting,Lebanon,Yara,2026-01-02,2026-02-10,2026-03-01,142,142,125.2,125.11,0
PO-0212,SUP-012,Supplier 12,Electrical,Italy,Omar,2026-01-31,2026-02-12,2026-02-17,466,466,135.07,126.13,0
PO-0213,SUP-013,Supplier 13,Controls,Turkey,Lea,2026-05-25,2026-07-13,2026-07-09,66,63,48.23,50.21,0
PO-0214,SUP-014,Supplier 14,Fixtures,China,Yara,2026-04-14,2026-05-22,2026-05-25,488,488,13.03,12.08,14
PO-0215,SUP-015,Supplier 15,Cables,UAE,Omar,2026-05-21,2026-06-13,2026-06-11,276,276,87.31,85.47,0
PO-0216,SUP-016,Supplier 16,Lighting,Lebanon,Lea,2026-06-13,2026-07-17,2026-07-21,129,129,118.49,110.33,3
PO-0217,SUP-017,Supplier 17,Electrical,Italy,Yara,2026-02-01,2026-03-01,2026-03-06,365,365,198.95,183.17,0
PO-0218,SUP-018,Supplier 18,Controls,Turkey,Omar,2026-05-07,2026-06-02,2026-06-18,249,249,167.77,168.03,0
PO-0219,SUP-019,Supplier 19,Fixtures,China,Lea,2026-03-20,2026-04-11,2026-04-13,334,334,49.31,49.45,0
PO-0220,SUP-020,Supplier 20,Cables,UAE,Yara,2026-01-10,2026-02-02,2026-01-26,209,209,78.37,80.85,0
PO-0221,SUP-001,Supplier 01,Lighting,Lebanon,Omar,2026-03-24,2026-04-23,2026-05-03,104,104,76.55,77.69,1
PO-0222,SUP-002,Supplier 02,Electrical,Italy,Lea,2026-03-13,2026-03-29,2026-03-24,221,221,185.75,176.45,0
PO-0223,SUP-003,Supplier 03,Controls,Turkey,Yara,2026-01-25,2026-02-12,2026-02-16,338,338,207,211.72,0
PO-0224,SUP-004,Supplier 04,Fixtures,China,Omar,2026-03-30,2026-05-08,2026-05-03,124,124,117.26,109.52,0
PO-0225,SUP-005,Supplier 05,Cables,UAE,Lea,2026-03-28,2026-05-07,2026-05-18,410,410,55.8,57.43,6
PO-0226,SUP-006,Supplier 06,Lighting,Lebanon,Yara,2026-01-15,2026-02-18,2026-02-22,348,348,167.34,173.53,0
PO-0227,SUP-007,Supplier 07,Electrical,Italy,Omar,2026-02-20,2026-04-06,2026-04-11,159,159,103.61,104.96,5
PO-0228,SUP-008,Supplier 08,Controls,Turkey,Lea,2026-01-14,2026-02-22,2026-02-20,494,494,154.84,164.57,26
PO-0229,SUP-009,Supplier 09,Fixtures,China,Yara,2026-06-14,2026-06-28,2026-06-25,355,355,98.11,95.75,19
PO-0230,SUP-010,Supplier 10,Cables,UAE,Omar,2026-03-21,2026-04-04,2026-04-02,350,350,89.73,92.67,0
PO-0231,SUP-011,Supplier 11,Lighting,Lebanon,Lea,2026-04-21,2026-06-07,2026-06-19,153,153,222.16,227.52,0
PO-0232,SUP-012,Supplier 12,Electrical,Italy,Yara,2026-05-08,2026-05-20,2026-06-03,48,48,185.56,199.47,0
PO-0233,SUP-013,Supplier 13,Controls,Turkey,Omar,2026-05-19,2026-07-07,2026-07-03,117,117,151.27,148.68,0
PO-0234,SUP-014,Supplier 14,Fixtures,China,Lea,2026-04-06,2026-05-24,2026-05-29,245,241,64.88,59.7,9
PO-0235,SUP-015,Supplier 15,Cables,UAE,Yara,2026-03-21,2026-04-06,2026-04-04,132,131,104.75,109.4,2
PO-0236,SUP-016,Supplier 16,Lighting,Lebanon,Omar,2026-05-12,2026-06-13,2026-06-22,41,40,60.18,61.97,0
PO-0237,SUP-017,Supplier 17,Electrical,Italy,Lea,2026-06-07,2026-07-19,2026-07-16,126,126,179.68,176.51,0
PO-0238,SUP-018,Supplier 18,Controls,Turkey,Yara,2026-02-19,2026-04-01,2026-03-30,213,213,133.65,121.73,0
PO-0239,SUP-019,Supplier 19,Fixtures,China,Omar,2026-04-30,2026-05-15,2026-05-26,22,22,102.61,107.58,0
PO-0240,SUP-020,Supplier 20,Cables,UAE,Lea,2026-05-22,2026-07-05,2026-07-02,190,190,147.8,151.45,0
PO-0241,SUP-001,Supplier 01,Lighting,Lebanon,Yara,2026-04-02,2026-04-26,2026-04-30,123,123,140.93,146.13,0
PO-0242,SUP-002,Supplier 02,Electrical,Italy,Omar,2026-04-15,2026-05-05,2026-05-07,62,62,159.95,159.94,0
PO-0243,SUP-003,Supplier 03,Controls,Turkey,Lea,2026-01-08,2026-01-30,2026-02-02,428,428,173.52,158.11,16
PO-0244,SUP-004,Supplier 04,Fixtures,China,Yara,2026-06-08,2026-07-09,2026-07-06,244,244,204.75,186.41,1
PO-0245,SUP-005,Supplier 05,Cables,UAE,Omar,2026-04-24,2026-06-09,2026-06-11,166,166,154,146.38,0
PO-0246,SUP-006,Supplier 06,Lighting,Lebanon,Lea,2026-05-19,2026-06-22,2026-07-09,442,402,192.25,177.35,0
PO-0247,SUP-007,Supplier 07,Electrical,Italy,Yara,2026-04-12,2026-04-26,2026-04-19,50,48,231.2,226.56,0
PO-0248,SUP-008,Supplier 08,Controls,Turkey,Omar,2026-01-07,2026-02-23,2026-02-26,308,264,88.5,80.62,0
PO-0249,SUP-009,Supplier 09,Fixtures,China,Lea,2026-05-20,2026-06-21,2026-06-21,477,477,98.92,89.32,0
PO-0250,SUP-010,Supplier 10,Cables,UAE,Yara,2026-05-25,2026-06-08,2026-06-08,400,400,187.35,200.02,0
PO-0251,SUP-011,Supplier 11,Lighting,Lebanon,Omar,2026-05-31,2026-06-27,2026-07-09,150,150,81.49,75.33,3
PO-0252,SUP-012,Supplier 12,Electrical,Italy,Lea,2026-02-11,2026-03-08,2026-03-04,412,412,152.33,144.65,0
PO-0253,SUP-013,Supplier 13,Controls,Turkey,Yara,2026-04-12,2026-05-01,2026-05-13,462,462,20.65,20.73,5
PO-0254,SUP-014,Supplier 14,Fixtures,China,Omar,2026-04-29,2026-05-31,2026-05-26,255,255,229.6,210.56,0
PO-0255,SUP-015,Supplier 15,Cables,UAE,Lea,2026-04-09,2026-05-19,2026-05-24,79,75,91.26,93.55,0
PO-0256,SUP-016,Supplier 16,Lighting,Lebanon,Yara,2026-04-09,2026-04-21,2026-04-29,427,427,175.98,189.04,0
PO-0257,SUP-017,Supplier 17,Electrical,Italy,Omar,2026-03-28,2026-04-09,2026-04-10,355,355,228.56,225.91,8
PO-0258,SUP-018,Supplier 18,Controls,Turkey,Lea,2026-03-19,2026-04-18,2026-04-17,450,450,97.67,91.96,0
PO-0259,SUP-019,Supplier 19,Fixtures,China,Yara,2026-01-14,2026-02-06,2026-02-04,229,227,42.43,42.44,0
PO-0260,SUP-020,Supplier 20,Cables,UAE,Omar,2026-06-14,2026-06-30,2026-07-20,369,360,33.38,32.4,18
PO-0261,SUP-001,Supplier 01,Lighting,Lebanon,Lea,2026-01-01,2026-01-20,2026-01-22,448,448,191.64,199.3,0
PO-0262,SUP-002,Supplier 02,Electrical,Italy,Yara,2026-01-25,2026-02-15,2026-02-09,105,96,177.08,174.8,0
PO-0263,SUP-003,Supplier 03,Controls,Turkey,Omar,2026-02-04,2026-03-19,2026-03-24,380,380,24.08,25.71,0
PO-0264,SUP-004,Supplier 04,Fixtures,China,Lea,2026-06-09,2026-07-02,2026-07-03,73,73,175.08,187.71,2
PO-0265,SUP-005,Supplier 05,Cables,UAE,Yara,2026-02-22,2026-04-03,2026-04-04,457,457,136.93,141.63,0
PO-0266,SUP-006,Supplier 06,Lighting,Lebanon,Omar,2026-02-14,2026-02-27,2026-03-07,434,434,139,136.21,0
PO-0267,SUP-007,Supplier 07,Electrical,Italy,Lea,2026-04-13,2026-05-28,2026-06-05,260,260,125.01,133.58,0
PO-0268,SUP-008,Supplier 08,Controls,Turkey,Yara,2026-03-30,2026-05-06,2026-04-29,435,435,10.42,9.46,0
PO-0269,SUP-009,Supplier 09,Fixtures,China,Omar,2026-01-27,2026-02-11,2026-02-13,380,380,103.43,107.16,0
PO-0270,SUP-010,Supplier 10,Cables,UAE,Lea,2026-04-16,2026-06-02,2026-05-28,274,274,111.69,115.46,0
PO-0271,SUP-011,Supplier 11,Lighting,Lebanon,Yara,2026-03-02,2026-03-31,2026-04-02,380,380,77.4,76.47,12
PO-0272,SUP-012,Supplier 12,Electrical,Italy,Omar,2026-02-23,2026-04-08,2026-04-01,238,238,122.7,118.73,0
PO-0273,SUP-013,Supplier 13,Controls,Turkey,Lea,2026-02-08,2026-03-18,2026-03-19,362,362,103.01,102.56,9
PO-0274,SUP-014,Supplier 14,Fixtures,China,Yara,2026-05-25,2026-06-27,2026-07-12,441,409,59.07,62.17,0
PO-0275,SUP-015,Supplier 15,Cables,UAE,Omar,2026-03-09,2026-04-11,2026-04-06,328,328,110.47,104.14,0
PO-0276,SUP-016,Supplier 16,Lighting,Lebanon,Lea,2026-02-01,2026-03-09,2026-03-19,125,125,185.46,172.4,0
PO-0277,SUP-017,Supplier 17,Electrical,Italy,Yara,2026-02-18,2026-03-10,2026-03-06,237,237,230.22,223.46,0
PO-0278,SUP-018,Supplier 18,Controls,Turkey,Omar,2026-02-09,2026-03-26,2026-03-31,278,278,117.39,112.31,0
PO-0279,SUP-019,Supplier 19,Fixtures,China,Lea,2026-04-02,2026-05-12,2026-05-07,456,456,162.64,168.58,0
PO-0280,SUP-020,Supplier 20,Cables,UAE,Yara,2026-05-18,2026-05-30,2026-06-02,227,227,61.44,60.66,0
PO-0281,SUP-001,Supplier 01,Lighting,Lebanon,Omar,2026-04-11,2026-04-24,2026-05-04,433,433,100.11,92.75,7
PO-0282,SUP-002,Supplier 02,Electrical,Italy,Lea,2026-03-12,2026-04-14,2026-04-10,63,63,48.85,51.64,0
PO-0283,SUP-003,Supplier 03,Controls,Turkey,Yara,2026-04-04,2026-05-12,2026-05-12,325,325,148.1,149.13,0
PO-0284,SUP-004,Supplier 04,Fixtures,China,Omar,2026-01-22,2026-02-06,2026-02-02,305,305,150.5,150.25,0
PO-0285,SUP-005,Supplier 05,Cables,UAE,Lea,2026-03-03,2026-04-11,2026-04-06,175,175,112.59,108.8,0
PO-0286,SUP-006,Supplier 06,Lighting,Lebanon,Yara,2026-04-02,2026-05-13,2026-05-22,312,312,196.88,210.3,0
PO-0287,SUP-007,Supplier 07,Electrical,Italy,Omar,2026-01-18,2026-02-18,2026-02-13,458,458,177.2,170.06,10
PO-0288,SUP-008,Supplier 08,Controls,Turkey,Lea,2026-06-09,2026-07-10,2026-07-25,184,174,110.67,103.66,0
PO-0289,SUP-009,Supplier 09,Fixtures,China,Yara,2026-03-31,2026-04-27,2026-04-26,355,355,183.69,193.76,0
PO-0290,SUP-010,Supplier 10,Cables,UAE,Omar,2026-01-15,2026-02-26,2026-02-22,246,246,227.6,219.81,0
PO-0291,SUP-011,Supplier 11,Lighting,Lebanon,Lea,2026-02-08,2026-03-09,2026-03-20,237,237,80.13,80.71,0
PO-0292,SUP-012,Supplier 12,Electrical,Italy,Yara,2026-03-22,2026-04-21,2026-04-20,430,430,178.28,179.74,0
PO-0293,SUP-013,Supplier 13,Controls,Turkey,Omar,2026-04-22,2026-05-15,2026-05-17,291,291,169.24,175.17,15
PO-0294,SUP-014,Supplier 14,Fixtures,China,Lea,2026-04-29,2026-05-15,2026-05-16,268,268,11.08,10.8,0
PO-0295,SUP-015,Supplier 15,Cables,UAE,Yara,2026-03-17,2026-04-12,2026-04-24,397,397,123.17,123.14,16
PO-0296,SUP-016,Supplier 16,Lighting,Lebanon,Omar,2026-04-20,2026-05-21,2026-06-04,66,66,91.14,94.16,0
PO-0297,SUP-017,Supplier 17,Electrical,Italy,Lea,2026-04-15,2026-05-10,2026-05-03,122,122,94.94,85.57,0
PO-0298,SUP-018,Supplier 18,Controls,Turkey,Yara,2026-01-19,2026-02-10,2026-02-03,371,371,175.21,168.17,0
PO-0299,SUP-019,Supplier 19,Fixtures,China,Omar,2026-06-07,2026-06-20,2026-06-25,197,197,158.76,154.8,0
PO-0300,SUP-020,Supplier 20,Cables,UAE,Lea,2026-01-15,2026-02-12,2026-02-12,33,33,55.99,53.39,0
