seller_id,seller_state,orders,late_orders,late_rate,avg_review,low_review_rate,median_ship_days,slow_handoff_rate,expected_late_orders_at_network_rate,excess_late_orders,seller
06a2c3af7b3aee5d69171b0e14f0ee87,MA,384,87,0.2266,4.0182,0.1589,2.865,0.4089,30.6574,56.3426,Seller 06A2C3
e5a3438891c0bfdb9394643f95273d8e,SP,139,31,0.223,3.8777,0.2086,3.8707,0.4676,11.0973,19.9027,Seller E5A343
88460e8ebdecbfecb5f9601833981930,PR,226,47,0.208,3.5336,0.278,6.9464,0.6593,18.0432,28.9568,Seller 88460E
cd68562d3f44870c08922d380acae552,SP,121,21,0.1736,4.0165,0.1653,3.0819,0.3306,9.6603,11.3397,Seller CD6856
8160255418d5aaa7dbdc9f4c64ebda44,SP,351,59,0.1681,4.0256,0.1453,2.8036,0.3875,28.0228,30.9772,Seller 816025
f7ba60f8c3f99e7ee4042fdef03b70c4,SP,213,34,0.1596,4.2582,0.0939,2.4263,0.1831,17.0053,16.9947,Seller F7BA60
431af27f296bc6519d890aa5a05fdb11,SP,113,18,0.1593,3.8407,0.2212,4.0082,0.5044,9.0216,8.9784,Seller 431AF2
2c9e548be18521d1c43cde1c582c6de8,SP,121,19,0.157,4.124,0.1322,1.5679,0.1074,9.6603,9.3397,Seller 2C9E54
c31eff8334d6b3047ed34bebd4d62c36,SP,115,17,0.1478,3.8957,0.1739,5.1005,0.6609,9.1813,7.8187,Seller C31EFF
8f2ce03f928b567e3d56181ae20ae952,SP,150,22,0.1467,4.1467,0.12,3.0777,0.3867,11.9756,10.0244,Seller 8F2CE0
7aa4334be125fcdd2ba64b3180029f14,SP,210,29,0.1381,4.1381,0.1381,4.908,0.5429,16.7658,12.2342,Seller 7AA433
855668e0971d4dfd7bef1b6a4133b41b,SP,292,40,0.137,3.8836,0.1986,3.8477,0.4726,23.3124,16.6876,Seller 855668
2e90cb1677d35cfe24eef47d441b7c87,SP,126,17,0.1349,4.1111,0.1429,1.9817,0.119,10.0595,6.9405,Seller 2E90CB
b499c00f28f4b7069ff6550af8c1348a,SP,141,19,0.1348,4.2643,0.0929,2.272,0.305,11.257,7.743,Seller B499C0
2eb70248d66e0e3ef83659f71b244378,SP,181,24,0.1326,2.7833,0.4778,9.8536,0.8066,14.4505,9.5495,Seller 2EB702
1835b56ce799e6a4dc4eddc053f04066,SP,372,49,0.1317,3.7661,0.207,1.7138,0.1129,29.6994,19.3006,Seller 1835B5
7ad32824caee82087b3e2e5f33b1bf32,SP,137,18,0.1314,3.927,0.1825,1.2665,0.0803,10.9377,7.0623,Seller 7AD328
59b22a78efb79a4797979612b885db36,MG,122,16,0.1311,4.0,0.1967,1.913,0.1148,9.7401,6.2599,Seller 59B22A
b33e7c55446eabf8fe1a42d037ac7d6d,SP,146,19,0.1301,4.2192,0.1233,2.299,0.1438,11.6562,7.3438,Seller B33E7C
a416b6a846a11724393025641d4edd5e,SP,157,20,0.1274,4.2166,0.1401,2.5318,0.293,12.5344,7.4656,Seller A416B6
cfb1a033743668a192316f3c6d1d2671,SP,127,16,0.126,4.2381,0.1111,2.8195,0.3465,10.1393,5.8607,Seller CFB1A0
7e1fb0a3ebfb01ffb3a7dae98bf3238d,SP,152,19,0.125,4.1842,0.1053,1.1904,0.0592,12.1352,6.8648,Seller 7E1FB0
7d13fca15225358621be4086e1eb0964,SP,545,68,0.1248,4.0752,0.1633,3.4418,0.4128,43.5112,24.4888,Seller 7D13FC
0dd184061fb0eaa7ca37932c68ab91c5,SP,155,19,0.1226,4.0645,0.129,2.4585,0.3097,12.3747,6.6253,Seller 0DD184
77530e9772f57a62c906e1c21538ab82,PR,297,36,0.1212,4.2088,0.1313,1.9922,0.1347,23.7116,12.2884,Seller 77530E
7d76b645482be4a332374e8223836592,SP,166,20,0.1205,4.012,0.1386,3.6024,0.4277,13.2529,6.7471,Seller 7D76B6
c3867b4666c7d76867627c2f7fb22e21,SP,220,26,0.1182,4.1,0.1545,1.988,0.1773,17.5641,8.4359,Seller C3867B
9c0e69c7bf2619675bbadf47b43f655a,SP,136,16,0.1176,4.2836,0.0896,3.9764,0.4926,10.8578,5.1422,Seller 9C0E69
4869f7a5dfa277a7dca6462dcf3b52b2,SP,1103,128,0.116,4.1777,0.1224,2.3896,0.1922,88.0602,39.9398,Seller 4869F7
1900267e848ceeba8fa32d80c1a5f5a8,SP,354,41,0.1158,3.9773,0.1591,1.789,0.161,28.2623,12.7377,Seller 190026
e9bc59e7b60fc3063eb2290deda4cced,PR,200,23,0.115,4.11,0.14,4.6197,0.585,15.9674,7.0326,Seller E9BC59
4a3ca9315b744ce9f8e9374361493884,SP,1656,188,0.1135,3.9101,0.17,2.1758,0.2361,132.2101,55.7899,Seller 4A3CA9
8b28d096634035667e8263d57ba3368c,SP,133,15,0.1128,4.0602,0.1353,2.1863,0.1955,10.6183,4.3817,Seller 8B28D0
70a12e78e608ac31179aea7f8422044b,SP,305,34,0.1115,3.8,0.2,2.9734,0.3836,24.3503,9.6497,Seller 70A12E
897060da8b9a21f655304d50fd935913,SP,288,32,0.1111,3.7188,0.2326,2.7929,0.2361,22.9931,9.0069,Seller 897060
4e922959ae960d389249c378d1c939f5,SP,392,43,0.1097,3.9617,0.1786,3.065,0.3597,31.2961,11.7039,Seller 4E9229
f5a590cf36251cf1162ea35bef76fe84,SP,110,12,0.1091,4.2545,0.1091,2.0016,0.2,8.7821,3.2179,Seller F5A590
16090f2ca825584b5a147ab24aa30c86,SP,395,43,0.1089,4.0861,0.1316,1.4809,0.1089,31.5356,11.4644,Seller 16090F
1f50f920176fa81dab994f9023523100,SP,1359,145,0.1067,4.1835,0.1282,3.9561,0.4937,108.4985,36.5015,Seller 1F50F9
a673821011d0cec28146ea42f5ab767f,SP,113,12,0.1062,4.1455,0.1455,3.2023,0.4336,9.0216,2.9784,Seller A67382
8d956fec2e4337affcb520f56fd8cbfd,SP,208,22,0.1058,4.2356,0.0913,1.1996,0.0865,16.6061,5.3939,Seller 8D956F
ea8482cd71df3c1969d7b9473ff13abc,SP,1110,117,0.1054,4.0541,0.1387,3.2366,0.373,88.6191,28.3809,Seller EA8482
8b321bb669392f5163d04c59e235e066,SP,913,96,0.1051,4.1227,0.1347,1.969,0.1665,72.8912,23.1088,Seller 8B321B
634964b17796e64304cadf1ad3050fb7,RJ,257,27,0.1051,4.1206,0.1323,3.3561,0.4397,20.5181,6.4819,Seller 634964
37515688008a7a40ac93e3b2e4ab203f,SP,219,23,0.105,4.1279,0.1005,5.1778,0.653,17.4843,5.5157,Seller 375156
391fc6631aebcf3004804e51b40bcf1e,SP,487,51,0.1047,4.1185,0.1289,2.8551,0.306,38.8806,12.1194,Seller 391FC6
4c2b230173bb36f9b240f2b8ac11786e,SP,249,26,0.1044,3.992,0.1767,5.26,0.759,19.8794,6.1206,Seller 4C2B23
1025f0e2d44d7041d6cf58b6550e0bfa,SP,872,91,0.1044,4.0483,0.1588,3.4535,0.4106,69.6179,21.3821,Seller 1025F0
c9c7905cffc4ef9ff9f113554423e671,SP,125,13,0.104,4.152,0.112,1.7802,0.096,9.9796,3.0204,Seller C9C790
a3e9a2c700480d9bb01fba070ba80a0e,SP,117,12,0.1026,4.069,0.1466,2.7052,0.2051,9.3409,2.6591,Seller A3E9A2
de23c3b98a88888289c6f5cc1209054a,SP,157,16,0.1019,4.3121,0.1019,2.0395,0.1975,12.5344,3.4656,Seller DE23C3
522620dcb18a6b31cd7bdf73665113a9,PR,167,17,0.1018,3.9162,0.1856,2.1208,0.1916,13.3328,3.6672,Seller 522620
8581055ce74af1daba164fdbd55a40de,SP,374,38,0.1016,4.3182,0.0936,2.8332,0.2941,29.859,8.141,Seller 858105
e9d99831abad74458942f21e16f33f92,SP,128,13,0.1016,3.9453,0.1562,2.3123,0.2812,10.2191,2.7809,Seller E9D998
7c67e1448b00f6e969d365cea6b010ab,SP,957,96,0.1003,3.5094,0.2516,11.3486,0.976,76.404,19.596,Seller 7C67E1
fa1c13f2614d7b5c4749cbc52fecda94,SP,562,56,0.0996,4.3879,0.0907,2.2683,0.21,44.8684,11.1316,Seller FA1C13
d1c281d3ae149232351cd8c8cc885f0d,SP,191,19,0.0995,3.9309,0.1862,1.7416,0.1204,15.2489,3.7511,Seller D1C281
7040e82f899a04d1b434b795a43b4617,SP,202,20,0.099,3.6485,0.2574,1.7885,0.1832,16.1271,3.8729,Seller 7040E8
620c87c171fb2a6dd6e8bb4dec959fc6,RJ,711,70,0.0985,4.3179,0.1097,1.716,0.1913,56.7641,13.2359,Seller 620C87
218d46b86c1881d022bce9c68a7d4b15,SP,371,36,0.097,4.2027,0.1162,1.4796,0.0916,29.6195,6.3805,Seller 218D46
213b25e6f54661939f11710a6fddb871,SP,134,13,0.097,4.0896,0.1269,8.892,0.8657,10.6982,2.3018,Seller 213B25
76d5af76d0271110f9af36c92573f765,SP,124,12,0.0968,4.1774,0.129,2.2537,0.2581,9.8998,2.1002,Seller 76D5AF
54a1852d1b8f10312c55e906355666ee,SP,197,19,0.0964,4.3553,0.0812,1.3497,0.0863,15.7279,3.2721,Seller 54A185
00ee68308b45bc5e2660cd833c3f81cc,SP,129,12,0.093,4.3333,0.1008,1.5065,0.1008,10.299,1.701,Seller 00EE68
f262cbc1c910c83959f849465454ddd3,SP,187,17,0.0909,4.1765,0.139,1.2353,0.0749,14.9295,2.0705,Seller F262CB
cbd996ad3c1b7dc71fd0e5f5df9087e2,SP,156,14,0.0897,4.2051,0.1154,1.4392,0.1026,12.4546,1.5454,Seller CBD996
6a8b085f816a1f75f92dbac6eb545f8f,SP,123,11,0.0894,4.1967,0.0984,1.9627,0.1626,9.82,1.18,Seller 6A8B08
b2ba3715d723d245138f291a6fe42594,SP,317,28,0.0883,4.2303,0.1104,5.1724,0.735,25.3083,2.6917,Seller B2BA37
fe2032dab1a61af8794248c8196565c9,SP,284,25,0.088,4.419,0.088,1.1791,0.1232,22.6737,2.3263,Seller FE2032
ef0ace09169ac090589d85746e3e036f,RJ,125,11,0.088,4.416,0.072,3.0603,0.32,9.9796,1.0204,Seller EF0ACE
17e34d8224d27a541263c4c64b11a56b,SP,244,21,0.0861,4.2623,0.1066,1.9302,0.2131,19.4802,1.5198,Seller 17E34D
c70c1b0d8ca86052f45a432a38b73958,SP,256,22,0.0859,4.3789,0.0859,2.9572,0.3711,20.4383,1.5617,Seller C70C1B
e5a38146df062edaf55c38afa99e42dc,SP,118,10,0.0847,4.0,0.161,2.468,0.2288,9.4208,0.5792,Seller E5A381
ef506c96320abeedfb894c34db06f478,SP,307,26,0.0847,3.9837,0.1564,2.8022,0.2834,24.51,1.49,Seller EF506C
7142540dd4c91e2237acb7e911c4eba2,SP,309,26,0.0841,4.0844,0.1299,2.2456,0.3398,24.6696,1.3304,Seller 714254
7ddcbb64b5bc1ef36ca8c151f6ec77df,SP,321,27,0.0841,4.0406,0.1469,2.0525,0.1807,25.6277,1.3723,Seller 7DDCBB
3c7c4a49ec3c6550809089c6a2ca9370,SP,135,11,0.0815,3.7111,0.2667,2.0984,0.163,10.778,0.222,Seller 3C7C4A
42b729f859728f5079499127a9c2ef37,SP,100,8,0.08,4.51,0.06,1.7326,0.22,7.9837,0.0163,Seller 42B729
92eb0f42c21942b6552362b9b114707d,SP,326,26,0.0798,4.0429,0.138,5.3898,0.6779,26.0269,-0.0269,Seller 92EB0F
edb1ef5e36e0c8cd84eb3c9b003e486d,RJ,163,13,0.0798,4.4479,0.0736,1.2377,0.0613,13.0134,-0.0134,Seller EDB1EF
4b9750c8ad28220fe6702d4ecb7c898f,SP,214,17,0.0794,4.3692,0.0701,1.7267,0.1168,17.0851,-0.0851,Seller 4B9750
f45122a9ab94eb4f3f8953578bc0c560,SP,179,14,0.0782,4.0112,0.162,1.2472,0.0503,14.2908,-0.2908,Seller F45122
ccc4bbb5f32a6ab2b7066a4130f114e3,PR,180,14,0.0778,4.3611,0.1,2.6536,0.3444,14.3707,-0.3707,Seller CCC4BB
70eea00b476a314817cefde4aad4f89a,SP,103,8,0.0777,4.4078,0.068,1.4464,0.165,8.2232,-0.2232,Seller 70EEA0
004c9cd9d87a3c30c522c48c4fc07416,SP,142,11,0.0775,4.1898,0.1168,1.3905,0.0704,11.3369,-0.3369,Seller 004C9C
955fee9216a65b617aa5c0531780ce60,SP,1244,96,0.0772,4.2098,0.0997,1.8344,0.1383,99.3172,-3.3172,Seller 955FEE
640e21a7d01df7614a3b4923e990d40c,SP,105,8,0.0762,4.4095,0.0476,0.9443,0.0762,8.3829,-0.3829,Seller 640E21
48436dade18ac8b2bce089ec2a041202,SP,132,10,0.0758,4.1439,0.1136,4.1688,0.5379,10.5385,-0.5385,Seller 48436D
da8622b14eb17ae2831f4ac5b9dab84a,SP,1267,95,0.075,4.2227,0.1062,2.1319,0.1942,101.1535,-6.1535,Seller DA8622
e9779976487b77c6d4ac45f75ec7afe9,SP,628,46,0.0732,4.285,0.1003,2.0304,0.1959,50.1376,-4.1376,Seller E97799
4830e40640734fc1c52cd21127c341d4,SP,197,14,0.0711,4.2538,0.1066,1.5565,0.0964,15.7279,-1.7279,Seller 4830E4
5656537e588803a555b8eb41f07a944b,DF,169,12,0.071,3.9112,0.1834,1.1685,0.1243,13.4925,-1.4925,Seller 565653
f457c46070d02cadd8a68551231220dd,PR,169,12,0.071,4.0769,0.142,2.182,0.1775,13.4925,-1.4925,Seller F457C4
25c5c91f63607446a97b143d2d535d31,MG,143,10,0.0699,3.9085,0.1761,4.6616,0.5804,11.4167,-1.4167,Seller 25C5C9
2e1c9f22be269ef4643f826c9e650a52,SP,158,11,0.0696,4.2848,0.1013,1.7154,0.0759,12.6142,-1.6142,Seller 2E1C9F
17a053fcb14bd219540cbde0df490be0,SP,116,8,0.069,4.2931,0.0862,3.8672,0.4828,9.2611,-1.2611,Seller 17A053
66922902710d126a0e7d26b0e3805106,MG,147,10,0.068,4.517,0.0476,2.9047,0.2925,11.736,-1.736,Seller 669229
0adac9fbd9a2b63cccaac4f8756c1ca8,SP,103,7,0.068,4.1456,0.1068,4.2276,0.534,8.2232,-1.2232,Seller 0ADAC9
f4aba7c0bca51484c30ab7bdc34bcdd1,SP,104,7,0.0673,3.9423,0.1538,3.8848,0.4904,8.303,-1.303,Seller F4ABA7
850f4f8af5ea87287ac68de36e29107f,SP,179,12,0.067,4.3352,0.0838,1.1231,0.0503,14.2908,-2.2908,Seller 850F4F
c003204e1ab016dfa150abc119207b24,SP,194,13,0.067,4.4845,0.0412,1.2204,0.067,15.4884,-2.4884,Seller C00320
1554a68530182680ad5c8b042c3ab563,MG,240,16,0.0667,4.3697,0.0924,2.0192,0.1542,19.1609,-3.1609,Seller 1554A6
0be8ff43f22e456b4e0371b2245e4d01,SP,150,10,0.0667,4.0933,0.1533,1.9505,0.1867,11.9756,-1.9756,Seller 0BE8FF
dc4a0fc896dc34b0d5bfec8438291c80,SP,211,14,0.0664,3.89,0.1818,3.5644,0.4123,16.8456,-2.8456,Seller DC4A0F
18a349e75d307f4b4cc646a691ed4216,SP,106,7,0.066,3.6509,0.2547,2.0596,0.2642,8.4627,-1.4627,Seller 18A349
79ebd9a61bac3eaf882805ed4ecfa12a,PR,122,8,0.0656,4.1967,0.0984,6.0302,0.7541,9.7401,-1.7401,Seller 79EBD9
46dc3b2cc0980fb8ec44634e21d2718e,RJ,458,30,0.0655,4.2969,0.1048,2.1642,0.1921,36.5653,-6.5653,Seller 46DC3B
1b4c3a6f53068f0b6944d2d005c9fc89,SC,107,7,0.0654,4.271,0.1028,1.4473,0.0748,8.5426,-1.5426,Seller 1B4C3A
59fb871bf6f4522a87ba567b42dafecf,SP,123,8,0.065,4.2764,0.0732,1.5596,0.2195,9.82,-1.82,Seller 59FB87
6560211a19b47992c3666cc44a7e94c0,SP,1774,114,0.0643,4.0028,0.1536,1.1546,0.0468,141.6308,-27.6308,Seller 656021
128639473a139ac0f3e5f5ade55873a5,PR,514,33,0.0642,4.2296,0.0992,2.2739,0.2451,41.0362,-8.0362,Seller 128639
5dceca129747e92ff8ef7a997dc4f8ca,SP,313,20,0.0639,4.0288,0.1885,2.0548,0.1629,24.989,-4.989,Seller 5DCECA
fa40cc5b934574b62717c68f3d678b6d,SP,298,19,0.0638,4.4832,0.0705,2.6956,0.2282,23.7914,-4.7914,Seller FA40CC
01fdefa7697d26ad920e9e0346d4bd1b,PR,126,8,0.0635,4.373,0.0556,1.6611,0.0556,10.0595,-2.0595,Seller 01FDEF
5a8e7d5003a1f221f9e1d6e411de7c23,SP,126,8,0.0635,4.1984,0.119,2.0943,0.1508,10.0595,-2.0595,Seller 5A8E7D
001cca7ae9ae17fb1caed9dfb1094831,ES,191,12,0.0628,4.0785,0.1361,2.0805,0.1885,15.2489,-3.2489,Seller 001CCA
0241d4d5d36f10f80c644447315af0bd,PR,223,14,0.0628,4.4574,0.0762,1.7581,0.1525,17.8037,-3.8037,Seller 0241D4
41b39e28db005d9731d9d485a83b4c38,SP,176,11,0.0625,4.2428,0.1156,2.6152,0.2273,14.0513,-3.0513,Seller 41B39E
d2374cbcbb3ca4ab1086534108cc3ab7,SP,485,30,0.0619,3.8745,0.1736,4.123,0.5299,38.7209,-8.7209,Seller D2374C
0c8380b62e38e8a1e6adbeba7eb9688c,MG,146,9,0.0616,4.1027,0.1164,2.7412,0.2808,11.6562,-2.6562,Seller 0C8380
d91fb3b7d041e83b64a00a3edfb37e4f,SP,520,32,0.0615,4.1445,0.1367,2.1318,0.1942,41.5152,-9.5152,Seller D91FB3
cc419e0650a3c5ba77189a1882b7556a,SP,1642,101,0.0615,4.1582,0.1275,2.5601,0.2266,131.0924,-30.0924,Seller CC419E
6edacfd9f9074789dad6d62ba7950b9c,SP,196,12,0.0612,4.4821,0.0615,1.6687,0.1071,15.6481,-3.6481,Seller 6EDACF
7a67c85e85bb2ce8582c35f2203ad736,SP,1112,67,0.0603,4.3183,0.0872,1.5124,0.0926,88.7787,-21.7787,Seller 7A67C8
9b013e03b2ab786505a1d3b5c0756754,SP,166,10,0.0602,4.253,0.1145,2.1029,0.1687,13.2529,-3.2529,Seller 9B013E
3d871de0142ce09b7081e2b9d1733cb1,SP,1033,62,0.06,4.2101,0.0997,2.9197,0.3679,82.4716,-20.4716,Seller 3D871D
1c129092bf23f28a5930387c980c0dfc,SP,184,11,0.0598,4.3641,0.087,4.1468,0.5435,14.69,-3.69,Seller 1C1290
dd2bdf855a9172734fbc3744021ae9b9,MG,101,6,0.0594,3.87,0.18,3.4953,0.4554,8.0635,-2.0635,Seller DD2BDF
1da3aeb70d7989d1e6d9b0e887f97c23,SP,253,15,0.0593,4.1739,0.1186,1.4971,0.0514,20.1988,-5.1988,Seller 1DA3AE
25e6ffe976bd75618accfe16cefcbd0d,SP,103,6,0.0583,4.5146,0.0583,1.5636,0.0874,8.2232,-2.2232,Seller 25E6FF
a1043bafd471dff536d0c462352beb48,MG,692,40,0.0578,4.2934,0.091,1.7416,0.0824,55.2472,-15.2472,Seller A1043B
2138ccb85b11a4ec1e37afbd1c8eda1f,SP,368,21,0.0571,3.9946,0.1603,2.2819,0.1929,29.38,-8.38,Seller 2138CC
6d66611d7c44cc30ce351abc49a68421,SP,158,9,0.057,3.9684,0.1519,3.3691,0.4051,12.6142,-3.6142,Seller 6D6661
ceaec5548eefc6e23e6607c5435102e7,SP,194,11,0.0567,4.1959,0.1134,2.882,0.3041,15.4884,-4.4884,Seller CEAEC5
87142160b41353c4e5fca2360caf6f92,RS,300,17,0.0567,4.4247,0.0569,2.1069,0.22,23.9511,-6.9511,Seller 871421
cca3071e3e9bb7d12640c9fbe2301306,SP,654,37,0.0566,3.9754,0.1677,3.2146,0.3654,52.2134,-15.2134,Seller CCA307
53e4c6e0f4312d4d2107a8c9cddf45cd,SP,443,25,0.0564,4.14,0.1264,3.9483,0.4876,35.3678,-10.3678,Seller 53E4C6
1a3df491d1c4f1589fc2b934ada68bf2,SC,160,9,0.0562,4.2704,0.0943,3.6503,0.4188,12.7739,-3.7739,Seller 1A3DF4
2528513dd95219a6013d4d05176e391a,SP,145,8,0.0552,4.1172,0.131,1.9587,0.2138,11.5764,-3.5764,Seller 252851
f80edd2c5aaa505cc4b0a3b219abf4b8,SP,109,6,0.055,4.2477,0.1101,2.7404,0.3394,8.7022,-2.7022,Seller F80EDD
7e93a43ef30c4f03f38b393420bc753a,SP,314,17,0.0541,4.3917,0.0732,1.9525,0.1656,25.0688,-8.0688,Seller 7E93A4
537eb890efff034a88679788b647c564,RJ,148,8,0.0541,4.3129,0.068,1.2179,0.0676,11.8159,-3.8159,Seller 537EB8
813348c996469b40f2e028d5429d3495,SP,167,9,0.0539,4.0838,0.1437,1.4816,0.0838,13.3328,-4.3328,Seller 813348
bfd27a966d91cfaafdb25d076585f0da,SP,113,6,0.0531,4.3186,0.1062,1.8455,0.1239,9.0216,-3.0216,Seller BFD27A
f8db351d8c4c4c22c6835c19a46f01b0,SP,642,34,0.053,4.298,0.0874,1.2744,0.0545,51.2554,-17.2554,Seller F8DB35
1e8b33f18b4f7598d87f5cbee2282cc2,SP,115,6,0.0522,4.4696,0.087,1.2413,0.0435,9.1813,-3.1813,Seller 1E8B33
9f505651f4a6abe901a56cdc21508025,SP,387,20,0.0517,4.3824,0.0904,1.0493,0.031,30.8969,-10.8969,Seller 9F5056
7178f9f4dd81dcef02f62acdf8151e01,SC,201,10,0.0498,4.0597,0.1443,4.3217,0.5522,16.0472,-6.0472,Seller 7178F9
7299e27ed73d2ad986de7f7c77d919fa,MG,331,16,0.0483,4.435,0.0665,1.1069,0.0453,26.426,-10.426,Seller 7299E2
36a968b544695394e4e9d7572688598f,SP,146,7,0.0479,3.7379,0.2138,3.032,0.3836,11.6562,-4.6562,Seller 36A968
4d6d651bd7684af3fffabd5f08d12e5a,SP,356,17,0.0478,4.264,0.1096,3.1846,0.4298,28.422,-11.422,Seller 4D6D65
aafe36600ce604f205b86b5084d3d767,SC,127,6,0.0472,4.4016,0.0945,1.7091,0.1417,10.1393,-4.1393,Seller AAFE36
c33847515fa6305ce6feb1e818569f13,SC,108,5,0.0463,3.8981,0.1944,1.8,0.0556,8.6224,-3.6224,Seller C33847
a3a38f4affed601eb87a97788c949667,SC,244,11,0.0451,4.4385,0.0738,1.3716,0.0615,19.4802,-8.4802,Seller A3A38F
669ae81880e08f269a64487cfb287169,SC,158,7,0.0443,4.2975,0.1076,1.3812,0.0633,12.6142,-5.6142,Seller 669AE8
de722cd6dad950a92b7d4f82673f8833,PE,334,14,0.0419,4.3204,0.0868,1.815,0.1138,26.6656,-12.6656,Seller DE722C
080102cd0a76b09e0dcf55fcacc60e05,MG,120,5,0.0417,4.5417,0.0333,1.1922,0.0417,9.5804,-4.5804,Seller 080102
7008613ea464bad5cb9b83456e1e6a8f,SC,122,5,0.041,4.2787,0.0738,2.539,0.1967,9.7401,-4.7401,Seller 700861
53243585a1d6dc2643021fd1853d8905,BA,346,14,0.0405,4.1936,0.104,3.0669,0.341,27.6236,-13.6236,Seller 532435
db4350fd57ae30082dec7acbaacc17f9,SP,127,5,0.0394,4.2441,0.0945,1.9681,0.1417,10.1393,-5.1393,Seller DB4350
710e3548e02bc1d2831dfc4f1b5b14d4,PR,128,5,0.0391,3.4375,0.3047,1.8562,0.3281,10.2191,-5.2191,Seller 710E35
dbb9b48c841a0e39e21f98e1a6b2ec3e,SP,103,4,0.0388,4.301,0.0971,1.9587,0.165,8.2232,-4.2232,Seller DBB9B4
0db783cfcd3b73998abc6e10e59a102f,SP,129,5,0.0388,4.2171,0.124,2.2285,0.2481,10.299,-5.299,Seller 0DB783
1c68394e931a64f90ea236c5ea590300,PR,132,5,0.0379,4.0078,0.1395,4.4393,0.5303,10.5385,-5.5385,Seller 1C6839
562fc2f2c2863ab7e79a9e4388a58a14,SP,246,9,0.0366,4.2642,0.0894,1.5963,0.126,19.6399,-10.6399,Seller 562FC2
44073f8b7e41514de3b7815dd0237f4f,DF,137,5,0.0365,3.7591,0.2044,2.3989,0.2993,10.9377,-5.9377,Seller 44073F
85d9eb9ddc5d00ca9336a2219c97bb13,MG,494,18,0.0364,4.2348,0.0891,5.9947,0.6842,39.4395,-21.4395,Seller 85D9EB
86ccac0b835037332a596a33b6949ee1,SC,169,6,0.0355,4.2738,0.1071,2.5382,0.2426,13.4925,-7.4925,Seller 86CCAC
5cf13accae3222c70a9cac40818ae839,MG,141,5,0.0355,4.5603,0.0496,1.6466,0.0709,11.257,-6.257,Seller 5CF13A
2a84855fd20af891be03bc5924d2b453,MG,152,5,0.0329,4.375,0.0789,1.4526,0.1118,12.1352,-7.1352,Seller 2A8485
8a32e327fe2c1b3511609d81aaf9f042,SP,123,4,0.0325,3.9675,0.1545,1.6993,0.1138,9.82,-5.82,Seller 8A32E3
b76dba6c951ab00dc4edf0a1aa88037e,SP,155,5,0.0323,4.2194,0.1032,1.7946,0.0774,12.3747,-7.3747,Seller B76DBA
7722b1df1b0e383e000397b2c11e3e19,SP,124,4,0.0323,4.2661,0.1048,1.9913,0.121,9.8998,-5.8998,Seller 7722B1
0b90b6df587eb83608a64ea8b390cf07,PR,157,5,0.0318,4.0705,0.1603,2.0626,0.172,12.5344,-7.5344,Seller 0B90B6
95e03ca3d4146e4011985981aeb959b9,RJ,166,5,0.0301,4.0793,0.128,1.8383,0.1386,13.2529,-8.2529,Seller 95E03C
aaed1309374718fdd995ee4c58c9dfcd,SC,103,3,0.0291,4.0874,0.1262,1.5057,0.0777,8.2232,-5.2232,Seller AAED13
1127b7f2594683f2510f1c2c834a486b,SP,108,3,0.0278,4.2407,0.1296,2.0512,0.1944,8.6224,-5.6224,Seller 1127B7
17ca9b9e9b9ef8fdb529001b49ebb50f,MG,112,3,0.0268,4.0804,0.1339,1.2552,0.1071,8.9417,-5.9417,Seller 17CA9B
37be5a7c751166fbc5f8ccba4119e043,SP,266,7,0.0263,4.3245,0.0906,2.8685,0.2857,21.2366,-14.2366,Seller 37BE5A
dbc22125167c298ef99da25668e1011f,MG,382,10,0.0262,4.3508,0.0681,1.0689,0.0393,30.4977,-20.4977,Seller DBC221
c3cfdc648177fdbbbb35635a37472c53,PR,272,7,0.0257,4.5147,0.0625,1.3638,0.0588,21.7157,-14.7157,Seller C3CFDC
cab85505710c7cb9b720bceb52b01cee,SP,198,5,0.0253,4.3452,0.0609,2.3165,0.2626,15.8077,-10.8077,Seller CAB855
259f7b5e6e482c230e5bfaa670b6bb8f,SP,131,3,0.0229,4.4308,0.0769,1.3952,0.0458,10.4586,-7.4586,Seller 259F7B
6cd68b3ed6d59aaa9fece558ad360c0a,MG,136,3,0.0221,4.4559,0.0294,1.6637,0.0956,10.8578,-7.8578,Seller 6CD68B
e26901d5ab434ce92fd9b5c256820a4e,SP,183,4,0.0219,4.2186,0.0984,2.5199,0.224,14.6102,-10.6102,Seller E26901
b4ffb71f0cb1b1c3d63fad021ecf93e1,SP,139,3,0.0216,4.3015,0.0882,1.265,0.0647,11.0973,-8.0973,Seller B4FFB7
33a6f4b1e7cdc205511e76ba1b6e0186,SP,100,2,0.02,4.46,0.07,1.4393,0.05,7.9837,-5.9837,Seller 33A6F4
6c7d50c24b3ccd2fd83b44d8bb34e073,SP,102,2,0.0196,4.598,0.0294,2.8961,0.2549,8.1434,-6.1434,Seller 6C7D50
289cdb325fb7e7f891c38608bf9e0962,SP,103,2,0.0194,4.6408,0.0388,1.1527,0.0485,8.2232,-6.2232,Seller 289CDB
0ea22c1cfbdc755f86b9b54b39c16043,MG,210,4,0.019,4.5,0.0385,1.6469,0.0762,16.7658,-12.7658,Seller 0EA22C
612170e34b97004b3ba37eae81836b4c,RS,106,2,0.0189,4.434,0.0755,4.1364,0.5377,8.4627,-6.4627,Seller 612170
d98eec89afa3380e14463da2aabaea72,RS,163,3,0.0184,4.4136,0.0617,1.8298,0.135,13.0134,-10.0134,Seller D98EEC
229c3efbfb0ea2058de4ccdfbc3d784a,MG,117,2,0.0171,3.6239,0.2564,1.2226,0.0684,9.3409,-7.3409,Seller 229C3E
ce27a3cc3c8cc1ea79d11e561e9bebb6,SP,117,2,0.0171,4.188,0.1111,1.8198,0.1538,9.3409,-7.3409,Seller CE27A3
12b9676b00f60f3b700e83af21824c0e,RS,132,2,0.0152,4.5496,0.0382,4.9881,0.6515,10.5385,-8.5385,Seller 12B967
8c16d1f32a54d92897cc437244442e1b,SC,105,1,0.0095,4.4,0.0667,1.4422,0.1143,8.3829,-7.3829,Seller 8C16D1
0bae85eb84b9fb3bd773911e89288d54,SP,130,1,0.0077,4.3231,0.0615,1.1194,0.0154,10.3788,-9.3788,Seller 0BAE85
